metric,share,share_percent
better_placement_share,0.736436821841092,73.64368218410921
kwok_optimal_share,0.1984599229961498,19.84599229961498
