metric,share,share_percent
better_placement_share,0.44238178633975483,44.23817863397549
kwok_optimal_share,0.19089316987740806,19.089316987740805
